"id","treat.invite","pct.missing","share.total.unskilled","head.edu","mosques","pct.poor","total.budget"
"3301001001",0,0.385274469852448,0.0252880901098251,6,0.908383071422577,0.400122165679932,40.564998626709
"3301001002",1,-0.0957483574748039,0.243509903550148,14,1.06666672229767,0.185614854097366,69.3215026855469
"3301001003",1,0.147719323635101,0.370525658130646,12,0.711743772029877,0.400000005960464,41.1064987182617
"3301001004",1,-0.182591214776039,0.186844348907471,9,0.948991715908051,0.43793660402298,17.0620002746582
"3301001005",0,-0.293047666549683,0.146014049649239,9,1.6233766078949,0.312695443630219,72.0859985351562
"3301002001",1,-0.0973635837435722,0.0105102518573403,9,0.738188982009888,0.407608687877655,69.8330764770508
"3301002002",0,-0.121507249772549,0.057702474296093,12,1.27959048748016,0.584598064422607,82.0895004272461
"3301002003",1,0.117459751665592,0.147343978285789,16,1.16725027561188,0.32836788892746,56.0946502685547
"3301002004",1,0.179765194654465,0.0431620515882969,12,0.588235318660736,0.391304343938828,58.2065010070801
"3301002005",0,-0.0550865568220615,0.174921005964279,12,2.05479454994202,0.325946450233459,55.8600006103516
"3301003001",0,0.178187564015388,0.0788475200533867,9,1.09369301795959,0.228184282779694,87.071647644043
"3301003002",1,0.385876059532166,0.228448629379272,9,1.15794348716736,0.222412317991257,67.9656982421875
"3301003003",1,NA,0.232014060020447,9,1.21821224689484,0.588314294815063,85.8082046508789
"3301003004",0,0.569184362888336,0.162661954760551,6,1.09090912342072,0.306138306856155,106.15119934082
"3301004001",1,0.0784491449594498,0.151904240250587,9,0.863856256008148,0.544561922550201,123.68904876709
"3301004002",0,0.416723191738129,0.263308763504028,12,1.45095765590668,0.704721629619598,101.386405944824
"3301004003",1,NA,0.116520099341869,9,1.25,0.626666665077209,66.3912963867188
"3301004004",1,0.506721138954163,0.236391752958298,12,0.785722315311432,0.301299899816513,77.9322509765625
"3301004005",1,0.0577420108020306,0.172209680080414,12,1.02055692672729,0.471085131168365,78.2004776000977
"3301005001",1,0.340121358633041,0.144921511411667,14,1.15148413181305,0.392909169197083,92.526496887207
"3301005002",0,0.0515155829489231,0.166943058371544,12,0.758629381656647,0.230623811483383,132.796997070312
"3301005003",1,-0.0225279666483402,0.0805636048316956,12,1.15645134449005,0.39424142241478,72.4799575805664
"3301006001",1,NA,NA,12,0.799041152000427,0.496053427457809,49.0528373718262
"3301006002",1,NA,NA,12,0.799488306045532,0.494163423776627,79.3982009887695
"3301006003",1,NA,NA,9,0.692281067371368,0.613698601722717,131.574493408203
"3301006004",0,NA,NA,12,0.974184095859528,0.498220652341843,75.0604629516602
"3301006005",1,NA,NA,16,0.707380354404449,0.661946892738342,77.0896606445312
"3301007001",0,0.848597288131714,0,9,0.505868077278137,0.0829535126686096,34.9625015258789
"3301007002",1,0.0677314177155495,0.110632553696632,9,0.870069622993469,0.192579507827759,54.3003005981445
"3301007003",1,NA,0.0388978943228722,12,0.673219323158264,0.255885988473892,72.3369979858398
"3301007004",0,0.357197374105453,0,12,1.08371710777283,0.607223451137543,94.7197036743164
"3301007005",1,0.234837725758553,0.136125653982162,12,1.23660349845886,0.502380967140198,74.4746017456055
"3302008001",1,0.352210432291031,0.047970924526453,12,1.05932199954987,0.798807740211487,94.943000793457
"3302008002",0,0.435533732175827,0.0159087888896465,9,1.38159716129303,0.467444121837616,52.25
"3302008003",1,0.161281794309616,0.0928755924105644,12,0.694927036762238,0.709999978542328,69.4022445678711
"3302009001",1,NA,NA,9,0.420698344707489,0.520391523838043,28.4650001525879
"3302009002",0,NA,NA,12,0.881251394748688,0.384615391492844,75.9929962158203
"3302009003",0,NA,0.222572982311249,12,0.499126523733139,0.599597573280334,59.8437538146973
"3302009004",1,1.10555875301361,0.194791004061699,9,0.50543338060379,0.235294118523598,61.1500015258789
"3302010001",1,0.911931812763214,0.108759246766567,12,1.42602491378784,0.217054262757301,67.6095962524414
"3302010002",0,0.344675004482269,0.194185987114906,12,1.70261061191559,0.226337447762489,55.5746002197266
"3302010003",1,0.146761506795883,0.082677535712719,12,1.06340551376343,0.440771341323853,67.4499969482422
"3302010004",1,NA,NA,12,1.50093805789948,0.401459842920303,62.0102996826172
"3302011001",1,0.298046350479126,0.0203041303902864,12,0.751597166061401,0.479233235120773,42.75
"3302011002",1,0.450446873903275,0,12,0.426348328590393,0.215517237782478,57
"3302011003",0,0.763107299804688,0.196098148822784,12,1.56739807128906,0.647702395915985,47.5
"3302013001",0,-0.15241414308548,0.0891003087162971,9,1.00100100040436,0.156576201319695,111.543998718262
"3302013002",0,0.0350510030984879,0.284263968467712,9,0.584453523159027,0.250222235918045,112.73999786377
"3302013003",1,-0.0370323434472084,0.0978961959481239,12,0.660501956939697,0.233253583312035,33.4710006713867
"3302013004",1,-0.156247600913048,0.107587859034538,9,1.07584726810455,0.282157689332962,73.0960006713867
"3302013005",1,-0.0396561659872532,0.145254999399185,12,0.664893627166748,0.289256185293198,47.1040000915527
"3302014001",1,0.0724787414073944,0.172229304909706,12,0.880088031291962,0.509999990463257,66.3597793579102
"3302014002",0,0.408641695976257,0.233588576316833,12,0.941176474094391,0.518304407596588,44.0387687683105
"3302014003",1,0.00548127386718988,0.151325836777687,12,2.48419141769409,0.254867255687714,58.9228973388672
"3302014004",1,0.0199634898453951,0.217899069190025,9,1.03332471847534,0.50432276725769,72.9145889282227
"3302014005",0,0.252448707818985,0.165907308459282,12,0.463606864213943,0.561312615871429,51.9294738769531
"3302015001",1,0.657777190208435,0.0958157107234001,12,2.21914005279541,0.0446058101952076,77.5527725219727
"3302015002",1,0.0666120648384094,0.097591944038868,12,1.49840795993805,0.329554051160812,73.7627487182617
"3302015003",0,0.502577543258667,0.110777825117111,12,0.684072494506836,0.200170353055,76.78564453125
"3302015004",1,0.0331494882702827,0.0654916390776634,9,1.06157112121582,0.715982735157013,76.3619537353516
"3302015005",1,0.991170883178711,0,12,0.856059670448303,0.228129535913467,56.4737014770508
"3302016001",1,0.108028829097748,0.207080528140068,12,0.718132853507996,0.311614722013474,45.0484008789062
"3302016002",0,-0.0993636921048164,0.241500779986382,9,1.03492879867554,0.369036912918091,53.75
"3302016003",1,0.13646999001503,0.17867124080658,14,0.903138399124146,0.558348298072815,52.25
"3302016004",1,NA,NA,12,0.33036008477211,0.526213586330414,52.2748489379883
"3302016005",0,-0.231130361557007,0.208510637283325,12,3.13217782974243,0.37939915060997,57
"3302017001",1,-0.031128253787756,0.198940768837929,9,1.11756813526154,0.488454699516296,45.2693061828613
"3304029001",0,0.599463224411011,0.473939508199692,16,2.32018566131592,0.37664783000946,65.3740005493164
"3304029002",0,0.437274247407913,0.289230078458786,9,2.32018566131592,0.659574449062347,143.149002075195
"3304029003",1,0.235124945640564,0.267832398414612,12,1.72626388072968,0.0994809716939926,125.994003295898
"3304029004",1,0.39589649438858,0.463573902845383,9,1.11731839179993,0.284210532903671,73.1989974975586
"3304031001",0,-0.0237065237015486,0.122358977794647,12,1.58084917068481,0.400175124406815,63.2424468994141
"3304031002",1,0.194622591137886,0.153398171067238,9,1.16279065608978,0.714285731315613,68.5482025146484
"3304031003",0,0.229866415262222,0.269485712051392,12,1.80180180072784,0.724867701530457,55.2824020385742
"3304031004",1,0.292702466249466,0.37813338637352,9,1.59853851795197,0.527619063854218,66.1969528198242
"3304031005",1,NA,0.0541041120886803,16,0.749625205993652,0.788074135780334,28.6130504608154
"3304031006",1,0.0318479314446449,0.224512830376625,12,1.36852395534515,0.114416472613811,63.625301361084
"3304032001",0,NA,0.41950124502182,6,2.14822769165039,0.638297855854034,86.7508010864258
"3304032003",1,-0.223094269633293,0.115195743739605,6,1.72117042541504,0.529300570487976,98.6819152832031
"3304032004",1,0.37115490436554,0.167418509721756,12,1.21531295776367,0.41372349858284,77.8350143432617
"3304032005",0,0.523804545402527,0.237867638468742,12,2.3310022354126,0.400530517101288,165.367233276367
"3304033001",0,-0.0413028448820114,0.497895687818527,12,2.59336090087891,0.475113123655319,150.30419921875
"3304033002",1,-0.137615740299225,0,14,1.10011005401611,0.250819683074951,42.9809989929199
"3304033003",1,0.18020898103714,0.326831847429276,6,1.29366111755371,0.167597770690918,52.7485008239746
"3304033004",0,0.831561744213104,0.0393198728561401,9,1.34892082214355,0.0627615079283714,51.1160011291504
"3304034001",0,0.0195995755493641,0.278149276971817,9,2.08768272399902,0.246376812458038,219.918258666992
"3304034002",1,0.333958297967911,0,14,2.25098490715027,0.273972600698471,55.569149017334
"3304034003",0,0.0846652686595917,0.12231919169426,12,2.61096596717834,0.283333331346512,124.255744934082
"3304034004",1,0.186990484595299,0.07209712266922,9,2.05930805206299,0.244660198688507,82.9413986206055
"3306042001",1,-1.10281836986542,0,12,1.83066356182098,0.571428596973419,76.8600006103516
"3306042002",1,-0.260387510061264,0.262564986944199,12,1.63934421539307,0.600000023841858,71.2454986572266
"3306042003",1,-0.106178440153599,0.284696489572525,14,1.98955488204956,0.431034475564957,36.2999992370605
"3306042004",1,0.0246766991913319,0.394046694040298,6,2.80636119842529,0.508196711540222,36.5219993591309
"3306042005",0,-0.339664041996002,0.280575543642044,9,1.75131344795227,0.601449251174927,24.4804992675781
"3306043001",1,-0.312361747026443,0.258249163627625,9,3.88280963897705,0.538922131061554,47.7877502441406
"3306043002",1,-0.117419645190239,0.275657117366791,6,2.94985246658325,0.316455692052841,91.2767486572266
"3306043003",1,-0.0768584460020065,0.288800030946732,12,2.98151469230652,0.16451233625412,57.2367515563965
"3306043004",0,0.0248732287436724,0.205000624060631,12,1.91828119754791,0.25,44.1944999694824
"3306043005",1,-0.301069468259811,0.273131489753723,12,2.40054869651794,0.277777791023254,50.7724990844727
"3306044001",0,-0.0716838240623474,0.12517885863781,16,1.16890704631805,0.195524141192436,19.0650005340576
"3306044002",1,NA,0,9,1.33333337306976,0.315789461135864,72.1128997802734
"3306044003",0,NA,NA,9,2.87081336975098,0.459143966436386,53.4905014038086
"3306044004",1,NA,0.266439199447632,6,0.877192974090576,0.817891359329224,87.8970031738281
"3306044005",1,-0.086040124297142,0.350319176912308,12,1.96270859241486,0.686468660831451,46.8219985961914
"3306045001",0,-0.563449501991272,0.427867949008942,9,1.42450141906738,0.411392390727997,91.8365020751953
"3306045002",1,-0.290196448564529,0.288156270980835,14,1.89189183712006,0.297029703855515,104.794502258301
"3306045003",1,0.0902792513370514,0.111234307289124,9,1.46950769424438,0.200617283582687,37.1259994506836
"3306045004",1,NA,NA,12,0.965250968933105,0.498220652341843,84.2269973754883
"3306045005",1,-0.122956052422523,0.198674410581589,6,2.42483019828796,0.913135588169098,80.7214965820312
"3307046003",1,-0.00448590563610196,0.134564623236656,9,2.88322925567627,0.137135922908783,80.0202865600586
"3307046005",0,0.192428588867188,0.194537967443466,9,1.42146408557892,0.386617094278336,108.487213134766
"3307047001",1,-0.860899686813354,0.455355256795883,12,2.13479709625244,0.380614668130875,52.0219993591309
"3307047005",1,-0.486682772636414,0.51462060213089,9,1.08342361450195,0.332413792610168,56.734001159668
"3307048001",1,0.52283102273941,0.277106404304504,9,1.39720559120178,0.210200920701027,37.654598236084
"3307048002",1,0.225333347916603,0.239492759108543,NA,1.91113233566284,0.293418645858765,29.9748992919922
"3307048003",0,0.215949416160583,0.296840488910675,12,1.58478605747223,0.0974025949835777,30.0062999725342
"3307048004",1,-0.121830746531487,0.26339665055275,9,2.76570534706116,0.279720276594162,37.9682006835938
"3307048005",0,0.330708891153336,0.345829904079437,9,2.95857977867126,0.616883099079132,26.1854000091553
"3307049001",0,NA,NA,12,2.38435864448547,0.57361376285553,72.4144973754883
"3307049003",1,NA,NA,9,1.71821308135986,0.307975471019745,142.421691894531
"3307050001",1,0.0980014652013779,0.196331486105919,12,1.1942675113678,0.183823525905609,35.3919982910156
"3307050002",0,-0.015865633264184,0,12,2.60869574546814,0.200000002980232,54.1029968261719
"3307050003",1,-0.981541693210602,0.114479817450047,9,1.25509881973267,0.300254464149475,51.7334518432617
"3307050004",1,0.102112084627151,0,6,1.03071534633636,0.333333343267441,51.971996307373
"3307052001",1,1.30145466327667,0.176046878099442,6,2.5654182434082,0.565591394901276,51.1421012878418
"3307052002",0,0.187719866633415,0.0959748476743698,12,0.434121996164322,0.395563781261444,44.0797996520996
"3307052003",1,0.592115163803101,0.146747440099716,6,1.5417822599411,0.298953652381897,138.367004394531
"3307052004",0,1.08308970928192,0.0804581344127655,6,1.13186192512512,0.350125938653946,132.692001342773
"3307053001",1,0.293153077363968,0.123839318752289,16,1.35985040664673,0.263636350631714,57.7651481628418
"3307053002",1,NA,0,6,1.44133758544922,0.144535839557648,43.8292007446289
"3307053003",0,NA,NA,9,0.978952527046204,0.162694305181503,47.6263999938965
"3308056001",1,NA,NA,12,3.38983058929443,0.714285731315613,47.7970008850098
"3308056002",0,NA,NA,6,3.6945812702179,0.408163279294968,59.1015014648438
"3308056003",1,NA,NA,12,0.73502391576767,0.139186292886734,94.9260025024414
"3308057001",1,-0.319424331188202,0,12,1.5151515007019,0.321428567171097,73.3109970092773
"3308057002",1,0.509477913379669,0.349735379219055,12,3.27749443054199,0.385307341814041,36.8920516967773
"3308057003",0,-0.297098338603973,0.112149529159069,12,3.68776893615723,0.0968523025512695,28.9549999237061
"3308057005",1,0.352305501699448,0,12,0.991735517978668,NA,50.2529983520508
"3308058001",1,0.423854857683182,0.406462758779526,9,2.62467193603516,0.266429841518402,33.4845008850098
"3308059001",1,NA,NA,9,2.72727274894714,0.840579688549042,44.7620010375977
"3308059002",0,NA,NA,14,1.9079418182373,0.272727280855179,107.619003295898
"3308059003",1,0.593040108680725,0.240384608507156,12,2.58971524238586,0.62417870759964,37.1430015563965
"3308059004",1,0.63727867603302,0.262518227100372,9,2.08333325386047,0.463917523622513,53.3300018310547
"3308059005",1,0.409910321235657,0.389130175113678,9,1.71736991405487,0.147058829665184,80.9520034790039
"3308059006",0,0.773200929164886,0.476859927177429,9,2.66240692138672,0.622950792312622,119.015495300293
"3313092001",0,-0.0394376181066036,0,12,2.61324048042297,0.722784817218781,30.257999420166
"3313094001",0,0.416196703910828,0.202441349625587,12,2.02934741973877,0.197132617235184,133.68244934082
"3313094002",1,0.501007854938507,0.162392199039459,12,2.28623676300049,0.599814295768738,62.730899810791
"3313095001",0,-0.253908157348633,0.117415852844715,14,2.03101921081543,0.26099705696106,30.0839004516602
"3314096002",0,-0.0354336649179459,0.194107457995415,16,1.65016496181488,0.150000005960464,32.1841583251953
"3314096003",1,0.0648951753973961,0.0442299172282219,9,2.91403603553772,0.648479402065277,66.6171340942383
"3314097001",1,-0.0969231650233269,0.196878612041473,12,2.32490563392639,0.784455955028534,35.144962310791
"3314097002",0,0.221867606043816,0,12,0.931098699569702,0.53533399105072,34.6448822021484
"3314097003",1,NA,NA,12,1.95640027523041,0.280219793319702,38.0446472167969
"3314098001",1,-0.0426855161786079,0.217438042163849,12,2.38166117668152,0.556144058704376,71.8304061889648
"3314098002",1,0.071013517677784,0.170607373118401,6,1.99401795864105,0.588388204574585,41.5999984741211
"3314098003",0,0.198028147220612,0.203579068183899,12,2.94117641448975,0.745076596736908,80.5988006591797
"3314098004",1,0.341069251298904,0.12610849738121,12,2.1875,0.469892472028732,169.390350341797
"3314099001",1,0.244671419262886,0.228672936558723,14,1.65289258956909,0.510355055332184,44.4338493347168
"3314099002",0,0.12034584581852,0.125475466251373,9,0.859993100166321,0.580865621566772,59.6888008117676
"3314099003",1,-0.178851008415222,0.131643146276474,12,1.58982515335083,0.680000007152557,52.516300201416
"3314099004",1,0.275662362575531,0.124413155019283,12,2.22491908073425,0.540709793567657,58.9631004333496
"3314099005",1,0.0961038246750832,0.127754032611847,9,0.860215067863464,0.446666657924652,64.0686645507812
"3314100001",1,0.164858773350716,0.128464832901955,12,2.03068590164185,0.413155198097229,146.534896850586
"3314100002",1,0.298288106918335,0.306822389364243,9,1.50784075260162,0.191646188497543,89.9764022827148
"3314100003",0,0.166607037186623,0.257224053144455,12,2.63080978393555,0.943010747432709,74.9282531738281
"3314101001",1,0.247481271624565,0.210453525185585,14,2.4590163230896,0.774999976158142,71.8507537841797
"3314101002",0,NA,0.233148440718651,9,2.61848640441895,0.478802978992462,110.857200622559
"3314101003",1,0.0620817877352238,0.279437959194183,16,1.94498467445374,0.448377579450607,65.7214736938477
"3314101004",1,NA,NA,6,1.25470519065857,0.239626556634903,82.1071166992188
"3314101005",1,NA,0.320053905248642,9,0.884368777275085,0.334482759237289,79.7742462158203
"3314101006",0,0.145596653223038,0.141509428620338,9,2.03193044662476,NA,26.324499130249
"3316111001",1,-0.245241940021515,0.250788271427155,9,0.247831478714943,0.487465173006058,107.13200378418
"3316111002",1,0.776616215705872,0.193754255771637,12,0.474608451128006,0.391304343938828,104.961776733398
"3316112001",1,0.77509868144989,0.152485251426697,14,0.911023378372192,0.676328480243683,74.7170486450195
"3316112002",1,0.0437136590480804,0.249437272548676,12,0.587199032306671,0.812217175960541,74.0208740234375
"3316112003",1,0.657975971698761,0.290283471345901,14,0,0.12739571928978,43.3218765258789
"3316112004",0,0.417449086904526,0.257817804813385,20,0.751032650470734,0.512890100479126,73.1549987792969
"3316113001",0,0.179680213332176,0.429896265268326,6,1.95886385440826,0.353125005960464,38.9514999389648
"3316113002",1,NA,NA,6,1.59872102737427,0.444444447755814,49.8814010620117
"3316113003",1,NA,NA,12,1.46156096458435,0.572805166244507,43.3636016845703
"3316114001",0,0.448563009500504,0.388961881399155,16,0.854214131832123,0.355149179697037,72.0140151977539
"3316114002",1,0.189544290304184,0.0412937551736832,6,0.371195256710052,0.321839094161987,52.6683578491211
"3316114003",1,-1.01505792140961,0,16,0.878992080688477,0.712881028652191,135.219604492188
"3316114004",1,0.389469474554062,0.14109742641449,12,1.90476191043854,0.856321811676025,8.75804996490479
"3316115001",1,0.0572420991957188,0.0851361453533173,12,1.47094881534576,0.705663859844208,48.2799987792969
"3316115002",1,0.241912931203842,0.168827250599861,12,1.24571788311005,0.609780430793762,66.9051971435547
"3316116001",0,0.6192347407341,0.316374331712723,9,0.926784038543701,0.501858711242676,30.2940006256104
"3316116002",1,0.545313715934753,0.337953448295593,6,1.01010096073151,0.496309965848923,86.8623962402344
"3317117001",1,0.328394889831543,0.332793027162552,12,0.663129985332489,0.370129883289337,84.3101501464844
"3317117002",0,0.63784247636795,0.304013550281525,9,0.995024859905243,0.484745770692825,59.3251495361328
"3317117003",1,0.603555560112,0.341460973024368,6,1.00806450843811,0.388692587614059,54.3741035461426
"3317117004",0,0.726054131984711,0.325194805860519,6,1.48148143291473,0.28125,98.1635513305664
"3317120001",1,0.305389910936356,0,12,0.999500274658203,0.498007982969284,77.7035064697266
"3318122001",0,0.564634144306183,0.312034338712692,12,2.29709029197693,0.633251845836639,78.5970001220703
"3318122002",1,1.16404843330383,0,16,1.0980966091156,0.270308136940002,34.023998260498
"3318122003",1,0.24947564303875,0.00377129134722054,16,0.578201770782471,0.599771976470947,76.515998840332
"3318124001",0,0.469110727310181,0.163126766681671,9,0.780031204223633,0.43529412150383,58.0922012329102
"3318124002",1,0.498423516750336,0.0949980393052101,9,2.14658069610596,0.898081541061401,58.1716995239258
"3318124003",1,0.282686591148376,0.0571637786924839,12,1.06496274471283,0.0977011471986771,48.5665016174316
"3318125001",1,0.615885496139526,0.34765163064003,16,1.238236784935,0.11034482717514,81.9495010375977
"3318125002",1,0.0603327602148056,0.230086654424667,12,1.25628137588501,0.587991714477539,81.6202011108398
"3318125003",1,0.680519640445709,0.456306844949722,9,1.07028186321259,0.212290495634079,83.1054992675781
"3318125004",0,0.373537659645081,0.20967210829258,16,1.25234818458557,0.63785046339035,70.0533981323242
"3318125005",1,0.63837742805481,0.258263021707535,12,1.91728293895721,0.477028340101242,73.6579971313477
"3318127001",0,0.340049743652344,0.257079064846039,12,3.34075713157654,0.534090936183929,103.312126159668
"3318128001",1,0.0170757491141558,0.0960286036133766,12,2.17391300201416,0.429141730070114,74.0488967895508
"3318128002",1,NA,NA,6,1.54479920864105,0.42804428935051,70.4462509155273
"3318128003",1,0.765497267246246,0,14,0.76132470369339,0.496360033750534,72.220947265625
"3318128004",0,0.353851854801178,0.0363186076283455,12,0.371747225522995,0.14634145796299,122.516723632812
"3321129001",0,NA,NA,9,0.507421016693115,0.312754809856415,53.7960014343262
"3321129002",1,NA,NA,14,0.49103856086731,0.371656507253647,39.9975509643555
"3321129003",0,0.326138585805893,0.131077826023102,16,0.659444153308868,0.241456404328346,34.9119987487793
"3321129004",1,NA,NA,9,0.443951159715652,0.380776345729828,80.7030029296875
"3321129005",1,NA,NA,9,1.0442773103714,0.588271975517273,73.6110000610352
"3321130001",0,NA,NA,16,1.12612617015839,0.479804158210754,122.145294189453
"3321130002",0,0.642881155014038,0,14,0.468274414539337,0.55721390247345,114.444999694824
"3321130004",1,0.839860379695892,0,12,0.55180025100708,0.46595174074173,153.75
"3321131001",1,0.116611197590828,0.0423549041152,9,0.694685637950897,0.265060245990753,109.083938598633
"3321132001",1,0.00440540304407477,0.0852466598153114,12,1.13688039779663,0.201619431376457,52.5330009460449
"3321132002",1,0.384116560220718,0,9,0.452693521976471,0.314741045236588,25.2059993743896
"3321132003",0,-0.116160482168198,0.0326079539954662,12,0.35348179936409,0.145454540848732,61.7849998474121
"3321133003",1,0.131412640213966,0.0398579202592373,9,0.142857149243355,0.714285731315613,34.0955009460449
"3321133004",1,0.00334671558812261,0,12,0.651465773582458,0.600472807884216,68.3395462036133
"3321133006",1,0.545998275279999,0,9,0.709891140460968,0.336099594831467,123.398109436035
"3321134001",0,-0.502127408981323,0.129788190126419,9,1.71232879161835,0.828157365322113,34.5583992004395
"3321134002",1,0.215076640248299,0.0238615684211254,12,0.82712984085083,0.305555552244186,59.044246673584
"3322137001",0,0.0801678076386452,0,16,4.52196359634399,0.492610841989517,24.2593994140625
"3322138001",1,NA,NA,9,2.08807897567749,0.313080757856369,70.492301940918
"3322140001",0,-0.142789274454117,0.16491562128067,12,1.20870268344879,0.546762585639954,54.5835494995117
"3322140002",1,0.235896795988083,0.113106481730938,12,1.55279505252838,0.784615397453308,55.4315986633301
"3322140003",0,0.672770142555237,0.219904124736786,12,2.3626697063446,0.259259253740311,61.795352935791
"3322140004",1,-0.0303906425833702,0.00151242560241371,16,2.37690997123718,0.594965696334839,63.0794715881348
"3322140005",1,-0.123102746903896,0.0218432676047087,6,1.90415740013123,0.74500584602356,49.3484954833984
"3322140006",1,-0.15832930803299,0.329774141311646,9,2.97973775863647,0.67314487695694,56.3804512023926
"3323141001",0,NA,NA,12,2.09555745124817,0.521617829799652,68.6935043334961
"3323141002",1,-0.0349954850971699,0.247803598642349,12,1.46455764770508,0.25,37.7424011230469
"3323141003",1,0.212072402238846,0,12,3.12360548973083,0.193740680813789,42.6127128601074
"3323141004",1,0.283299148082733,0,9,2.33713126182556,0.639501452445984,68.9808959960938
"3323141005",0,0.449723839759827,0.19403575360775,12,1.59362554550171,0.236334398388863,32.8017616271973
"3323142001",1,NA,NA,12,2.33463025093079,0.379213482141495,38.2074012756348
"3323142003",1,-0.111972749233246,0.025708444416523,16,3.10945272445679,0.0432098768651485,48.6153526306152
"3323142004",1,NA,NA,12,2.24908638000488,0.28116711974144,39.9063987731934
"3323142005",0,NA,NA,9,1.60056912899017,0.75,60.9710998535156
"3323143001",1,NA,NA,9,3.82409167289734,0.111896350979805,58.8450012207031
"3323143002",1,NA,NA,12,2.57142853736877,0.700767278671265,42.9180221557617
"3323144001",1,0.191176578402519,0.140183717012405,9,1.59090912342072,0.479362100362778,67.6773986816406
"3323144002",1,0.303920835256577,0.139291375875473,6,1.06609809398651,0.5,76.6179962158203
"3323144003",0,0.325032532215118,0.0910602509975433,9,1.75131344795227,0.158508151769638,64.9114990234375
"3327159001",1,0.366499304771423,0.13149106502533,12,0.937207102775574,0.874074101448059,88.6371994018555
"3327159002",0,0.329360604286194,0.129462152719498,12,0.668896317481995,0.467780441045761,86.2639999389648
"3327159003",1,0.240974292159081,0.293901562690735,16,0.378071844577789,0.354471534490585,135.183990478516
"3327159004",0,0.631215274333954,0.240360289812088,9,0.449943751096725,0.307996064424515,163.936996459961
"3327161001",0,NA,NA,12,0.290444374084473,0.602409660816193,40.435001373291
"3327161002",1,0.781481146812439,0,16,0.16505055129528,0.214402318000793,34.0329933166504
"3327161003",1,1.03356981277466,0.226242154836655,9,0.543675243854523,0.332737028598785,93.2360000610352
"3327162001",0,0.762224972248077,0.0207618866115808,16,0.329001486301422,0.21458625793457,100.281364440918
"3327162002",1,NA,NA,9,0.284697502851486,NA,60.5852241516113
"3327162003",1,1.05972325801849,0.173445999622345,12,0.36395400762558,0.355339109897614,43.7950782775879
"3327162004",1,0.868876159191132,0.0844166055321693,12,0.173370316624641,0.527106463909149,112.888832092285
"3327163001",1,0.455629646778107,0.197388023138046,6,1.39860141277313,0.611650466918945,114.089996337891
"3327163002",1,0.420078933238983,0.228382006287575,16,1.07296133041382,0.261489689350128,132.745498657227
"3327164001",1,0.279910832643509,0.0694021433591843,12,0.334001332521439,0.540000021457672,137.718765258789
"3327164002",1,0.123119302093983,0.0167046133428812,16,0.277392506599426,0.698947370052338,122.754737854004
"3327164003",1,0.645330548286438,0.135984808206558,14,0.240847781300545,0.100783877074718,133.553817749023
"3327164004",0,0.645224571228027,0.0950145423412323,16,0.307550370693207,0.627615034580231,183.7548828125
"3328165001",1,1.07509219646454,0.347665101289749,12,1.12968826293945,0.119959160685539,84.1064987182617
"3328165002",1,0.715404629707336,0.208538264036179,9,2.24416518211365,0.199652776122093,63.5419921875
"3328165003",1,NA,0.122230969369411,16,0.703839838504791,0.262074142694473,42.2459945678711
"3328165004",1,NA,NA,9,0.644399106502533,0.371415972709656,112.819496154785
"3328165005",0,1.23114573955536,0.326712608337402,9,0.458452731370926,0.0937646478414536,84.039794921875
"3328166001",0,0.405927628278732,0,9,0.930232584476471,0.307385236024857,87.5299987792969
"3328166002",1,0.744835793972015,0.22034028172493,12,0.294117659330368,0.272727280855179,165.951995849609
"3328166003",1,0.432939559221268,0.311360031366348,6,0.245158120989799,0.0667957440018654,99.5390014648438
"3328167001",1,0.456254869699478,0.0142893390730023,16,0.407664090394974,0.582758605480194,101.283302307129
"3328167002",1,0.166213318705559,0.175122484564781,12,0.398327022790909,0.193129777908325,67.4280471801758
"3328167003",0,NA,NA,14,0.430107533931732,0.442477881908417,84.2222518920898
"3328168001",1,1.53645122051239,0,12,0.641231179237366,0.592105269432068,89.4879989624023
"3328168002",1,0.726778328418732,0,14,0.200020000338554,0.300199598073959,79.5309982299805
"3328168003",0,0.827134430408478,0,9,0.903750538825989,0.32089552283287,109.105003356934
"3328168004",0,0.976171731948853,0,12,0.442477881908417,0.517374515533447,86.0080032348633
"3328168005",1,0.928812623023987,0,9,1.088139295578,0.195465207099915,74.088996887207
"3328169002",1,0.836585938930511,0.350572407245636,9,0.689940690994263,0.59968101978302,247
"3329171001",1,NA,NA,6,2.30680513381958,0.281954884529114,22.500675201416
"3329171002",1,NA,NA,9,0.301114112138748,0.553921580314636,61.9036407470703
"3329171003",0,NA,NA,12,0.627155840396881,0.169252470135689,45.9707374572754
"3329171004",1,-0.206122785806656,0.348055392503738,6,0.926569402217865,0.193423599004745,18.3118991851807
"3329171005",0,NA,NA,12,1.20955550670624,0.287499994039536,52.0479469299316
"3329172001",0,0.194385558366776,0.0505561791360378,9,1.97271084785461,0.408326655626297,56.8758544921875
"3329172002",0,-0.228046149015427,0.0654277503490448,6,1.72910666465759,0.698019802570343,67.7748641967773
"3329172003",1,-0.276748657226562,0.0222793836146593,16,1.55159032344818,0.235294118523598,47.6827163696289
"3329172004",1,0.32693886756897,0.0895201712846756,6,1.43884897232056,0.282828271389008,26.8621997833252
"3329172005",1,0.424876540899277,0.0667727962136269,9,1.5366884469986,0.190235689282417,27.520263671875
"3329173001",1,0.197034880518913,0,9,1.43061518669128,0.0960090383887291,66.6370010375977
"3329173002",1,NA,NA,9,1.54420280456543,0.664056956768036,87.6325988769531
"3329173003",0,NA,NA,14,0.536653399467468,0.072538860142231,150.339508056641
"3329173004",1,0.97902250289917,0,12,0.600137174129486,0.12900847196579,87.0770034790039
"3329173005",1,0.304324090480804,0.107386164367199,6,0.737354397773743,0.421331763267517,63.0774993896484
"3329174001",0,-0.233007729053497,0,12,1.87734663486481,0.426751583814621,81.338996887207
"3329174002",0,-0.205260530114174,0.17511360347271,9,1.65778565406799,0.664429545402527,111.864402770996
"3329174003",1,0.855778753757477,0,9,1.68918919563293,0.710506439208984,95.3258514404297
"3329174004",1,-0.231940135359764,0.460856735706329,16,1.24131083488464,0.599784255027771,107.558052062988
"3329175001",1,-0.0456211753189564,0.281907588243484,12,0.75633430480957,0.600108206272125,71.4875030517578
"3329176001",1,0.503176093101501,0.389879107475281,12,0.655093371868134,0.249681532382965,108.170448303223
"3329176002",1,NA,NA,NA,0.281201660633087,0.249907374382019,88.1558990478516
"3329176003",0,1.11737287044525,0.353729635477066,9,0.141502752900124,0.0714285746216774,87.4315490722656
"3329176004",1,0.314581960439682,0.0725291892886162,16,0.279095739126205,0.131271883845329,68.8095016479492
"3329176005",0,0.228086814284325,0.201939329504967,12,0.189717322587967,0.377337098121643,46.1971473693848
"3329177001",0,0.798025786876678,0.164367407560349,12,0.385505020618439,0.28525123000145,77.0891418457031
"3329177003",1,NA,NA,12,0.22361359000206,0.119012199342251,31.5640506744385
"3329177004",1,0.215165033936501,0.0588592626154423,12,0.434467762708664,0.471142530441284,69.7177658081055
"3329177005",0,NA,NA,16,0.425531923770905,0.602803766727448,82.6360397338867
"3501191001",0,0.233343154191971,0.241882890462875,12,3.12891125679016,0.154411762952805,36.2274894714355
"3501191002",1,0.316938489675522,0,12,6.88905000686646,0.319284796714783,72.4871368408203
"3501191003",0,0.446225047111511,0.304475754499435,12,0.776548266410828,0.126400992274284,82.7182006835938
"3501191004",1,0.225298583507538,0.0239598508924246,12,2.56316375732422,0.490196079015732,95.0519638061523
"3501191005",1,-0.221368685364723,0.435791015625,16,3.2113037109375,0.586264669895172,98.8156967163086
"3501194001",0,0.0896531417965889,0.234737947583199,14,4.49438190460205,0.410353541374207,57.6992950439453
"3501194002",1,0.545129120349884,0.305801421403885,12,2.76720857620239,0.201612904667854,73.7167663574219
"3501194003",1,0.310572355985641,0.354640454053879,12,3.75939846038818,0.128392487764359,38.0138664245605
"3501194004",0,0.62597668170929,0.353270173072815,14,1.40884757041931,0.269509971141815,27.8532390594482
"3501194005",1,0.294421017169952,0.279970318078995,14,2.19118046760559,0.158982515335083,70.2561111450195
"3501195001",1,NA,0.407849818468094,12,2.18023252487183,0.337260663509369,68.0800018310547
"3501195002",1,0.43747690320015,0.310623407363892,9,2.93599534034729,0.484391808509827,110.272499084473
"3501195003",0,0.232981279492378,0.136052891612053,9,1.39381647109985,0.259348601102829,146.167510986328
"3501195004",0,-0.278021842241287,0.0733663216233253,12,1.70261061191559,0.546448111534119,151.406631469727
"3501195005",1,0.56346207857132,0.31019452214241,12,1.99481344223022,0.631768941879272,88.2779998779297
"3502198001",0,0.694800019264221,0.349179804325104,12,1.21006774902344,0.0939849615097046,91.1201934814453
"3502198002",1,0.129682615399361,0.208969920873642,12,1.7720023393631,0.5,98.7876510620117
"3502198003",1,-0.0776129513978958,0.28349968791008,12,1.80180180072784,0.209999993443489,25.3957004547119
"3502199001",1,0.258005410432816,0.175475761294365,12,1.46056473255157,0.601503729820251,31.571849822998
"3502199002",1,0.241510584950447,0.204240560531616,12,1.48883378505707,0.0657894760370255,81.2189025878906
"3502199003",0,0.454516112804413,0.207946494221687,12,1.43884897232056,0.535335659980774,80.5261001586914
"3502199004",1,0.2283935546875,0.186652541160583,16,1.18156754970551,0.648393213748932,71.8453979492188
"3502199005",1,0.308673083782196,0.22745169699192,6,2.38568592071533,0.149917632341385,80.8392028808594
"3502200001",0,0.123033277690411,0.211215659976006,12,1.78571426868439,0.46875,83.3150024414062
"3502200002",1,0.156313836574554,0.265929967164993,14,1.35869562625885,0.499349802732468,74.6699981689453
"3502200003",1,0.551029205322266,0.316026359796524,16,2.12089085578918,0.495283007621765,35.2449989318848
"3502200004",1,0.316920578479767,0.274497896432877,9,1.63132131099701,0.30052724480629,64.0299987792969
"3502200005",1,0.317687183618546,0.217743143439293,9,1.62249863147736,0.504655480384827,74.2900009155273
"3502200006",0,0.259392768144608,0.366346716880798,12,3.32225918769836,0.410757958889008,88.3550033569336
"3502202001",0,0.226812914013863,0.272090882062912,12,1.26903557777405,0.460887938737869,105.256202697754
"3502202002",1,0.227375894784927,0.327106088399887,16,1.03842163085938,0.130522087216377,41.1369018554688
"3502203001",0,0.320968568325043,0.265869975090027,9,1.2433944940567,0.548556447029114,95.3186492919922
"3502203002",1,0.114239811897278,0.215017944574356,12,1.41409385204315,0.691202878952026,46.6269493103027
"3502203003",1,0.0442451201379299,0.235440418124199,14,1.59362554550171,NA,50.8269996643066
"3502203004",1,-0.0866801366209984,0.0226575769484043,12,1.06837606430054,0.112107619643211,39.0929985046387
"3502204001",1,0.0892593339085579,0.105866730213165,12,0.813890397548676,0.445387065410614,49.4473991394043
"3502204002",0,0.310358434915543,0.169396996498108,9,0.457456529140472,0.877192974090576,124.764801025391
"3502204003",1,0.462190002202988,0.195008546113968,12,0.812347710132599,0.405448704957962,49.9937477111816
"3502205001",0,0.214243188500404,0.159144192934036,12,2.62984871864319,0.119999997317791,45.801399230957
"3502205002",1,0.545998096466064,0.179859101772308,14,1.71467769145966,0.695214092731476,77.6827545166016
"3502205003",1,0.106976844370365,0.211805015802383,12,2.32558131217957,0.43218806385994,36.0021514892578
"3502205004",1,0.212380990386009,0.262871354818344,12,1.65118682384491,0.463604867458344,53.747200012207
"3502205005",1,-0.127430066466331,0.185692206025124,12,2.6565465927124,0.334666669368744,38.2621994018555
"3502206001",1,0.648679316043854,0.300850629806519,NA,3.70245718955994,0.242424249649048,52.9449996948242
"3502206002",1,0.592933058738708,0.293033361434937,16,3.87763905525208,0.20185923576355,53.7760009765625
"3502206003",0,0.536506295204163,0.252964437007904,12,3.11817908287048,0.750561773777008,89.4260025024414
"3502206004",0,0.504606604576111,0.325548619031906,12,1.87969923019409,0.748571455478668,92.9339981079102
"3503207001",0,1.67430782318115,0,16,1.5879317522049,0.109090909361839,67.9501037597656
"3503207002",1,-0.354756057262421,0,16,1.54106950759888,0.0702875405550003,38.0955009460449
"3503207003",1,0.639569401741028,0,12,2.10526323318481,0.144097223877907,60.6024017333984
"3503208001",1,NA,NA,12,2.15982723236084,NA,59.1337509155273
"3503208002",0,0.682731509208679,0,6,1.32071316242218,0.661959409713745,38.2309989929199
"3503208003",1,1.24221253395081,0.227542772889137,12,1.51860284805298,0.443909168243408,121.580001831055
"3503208004",0,0.274365812540054,0.17669914662838,9,1.89349114894867,0.209263861179352,87.973503112793
"3503208005",1,0.80805915594101,0.597240269184113,12,2.8126757144928,0.662319839000702,125.054946899414
"3503209001",1,0.560009717941284,0,9,0.872219800949097,0.74332469701767,41.2509994506836
"3503209002",1,0.326853454113007,0,12,1.69779288768768,0.393013089895248,67.4120025634766
"3503209003",1,0.430109977722168,0,9,3.15789484977722,0.655759155750275,50.6370010375977
"3503209004",0,0.39722141623497,0,12,1.90625703334808,0.570457637310028,69.9020004272461
"3503209005",1,0.496908724308014,0,12,1.91754555702209,0.207373276352882,45.725399017334
"3503210001",1,0.523238062858582,0.417395919561386,12,3.59928011894226,0.131845846772194,148.695999145508
"3503210002",1,0.744277894496918,0.40486404299736,12,2.8301887512207,0.794351279735565,147.910995483398
"3503210003",0,0.580057501792908,0.396034628152847,12,2.3094687461853,0.455214709043503,142.99299621582
"3505217003",1,NA,NA,12,2.3961660861969,0.325123161077499,62.2509002685547
"3505218001",1,0.410774409770966,0.130420491099358,9,0.938967108726501,0.458100557327271,76.2492980957031
"3505218002",1,NA,0.237605109810829,16,1.16279065608978,0.281481474637985,60.0535011291504
"3505218003",1,-0.0466096140444279,0.172472655773163,20,1.12576389312744,0.349573701620102,56.3298988342285
"3505218004",0,0.32883295416832,0.204091504216194,9,1.44770181179047,0.270635992288589,69.1070022583008
"3505218005",1,NA,0.192667230963707,12,0.594707131385803,0.708530783653259,56.9147529602051
"3505219001",1,0.121313758194447,0.151042371988297,9,0.769230782985687,0.318181812763214,147.166854858398
"3505219002",0,0.0135611863806844,0.157746896147728,16,0.957243144512177,0.326732665300369,82.5873031616211
"3505219003",0,-0.0921803861856461,0.0731242299079895,6,1.6496205329895,0.137931033968925,151.613494873047
"3505219004",1,-0.3442702293396,0.147799804806709,6,0.671591699123383,0.252479016780853,127.564903259277
"3505220001",1,0.37606418132782,0.190275490283966,12,0.849617660045624,0.338294982910156,118.808601379395
"3505220002",1,0.21627601981163,0.0996895432472229,9,0.814774572849274,0.528634369373322,176.963256835938
"3505220003",1,0.703721106052399,0.161865949630737,16,0.866926729679108,0.123128116130829,105.78099822998
"3505220004",0,0.633978605270386,0.107812374830246,12,1.06564366817474,0.0255999993532896,110.404495239258
"3505221001",0,0.143173947930336,0.135353192687035,12,0.649350643157959,0.110716819763184,64.3470001220703
"3505221002",0,-0.0322329364717007,0.305942952632904,14,0.876936554908752,0.495103359222412,40.6315002441406
"3505221003",1,-0.219791918992996,0.0711524710059166,16,1.31090235710144,0.227707013487816,72.1520004272461
"3505221004",1,0.0403966940939426,0.301419824361801,12,0.794070959091187,0.295781642198563,55.5279998779297
"3505221005",1,0.0715368464589119,0.198243021965027,12,0.550660789012909,0.149035260081291,61.0130004882812
"3505221006",1,-0.129866451025009,0.183361053466797,16,0.478927195072174,0.379830360412598,46.8889999389648
"3505305001",1,NA,NA,NA,NA,NA,NA
"3506225001",0,0.484713345766068,0.219882354140282,9,1.45985400676727,0.575539588928223,105.979591369629
"3506225002",1,0.314116835594177,0.422356694936752,12,0.667111396789551,0.437262356281281,84.7040710449219
"3506225003",1,0.552169263362885,0.247134074568748,12,0.558659195899963,0.226358145475388,56.0653877258301
"3506225004",1,0.0685953721404076,0.29994860291481,16,1.12443780899048,0.58689022064209,38.5757217407227
"3506227001",1,0.165269896388054,0.394784986972809,9,0.879971861839294,0.511446118354797,125.232002258301
"3506227002",1,0.287247240543365,0.456065654754639,12,1.23217737674713,0.320851683616638,57.5321006774902
"3506227003",0,0.263832420110703,0.46575927734375,14,1.171875,0.583333313465118,94.7471008300781
"3507229001",1,-0.0539557561278343,0.215274408459663,12,0.797321021556854,0.0407177358865738,80.6060028076172
"3507229002",1,-0.336122840642929,0.147422358393669,16,1.60901045799255,0.160557180643082,84.1362228393555
"3507229003",0,0.125063627958298,0,12,0.601839900016785,0.219551935791969,77.1070022583008
"3507229004",0,-0.117124654352665,0.28925222158432,12,0.814553380012512,0.249714940786362,83.4488296508789
"3507229005",1,-0.0535191893577576,0.100754365324974,12,2.04005932807922,0.207913666963577,76.9864273071289
"3507230001",1,0.696343421936035,0.0216676909476519,6,0.839630544185638,0.378920942544937,140.647705078125
"3507230002",0,NA,NA,9,1.25352549552917,0.228622332215309,100.324401855469
"3507231001",1,0.470656991004944,0.333190709352493,16,1.19104337692261,0.0552175939083099,94.7674789428711
"3507231002",0,0.391863316297531,0.222318544983864,12,1.06951868534088,0.213464692234993,96.1742630004883
"3507231003",1,0.593668460845947,0.186226144433022,12,0.318471342325211,0.429644823074341,84.2514038085938
"3507232001",1,0.331452459096909,0.168197765946388,12,0.860030114650726,0.149042457342148,83.2495651245117
"3507232002",0,0.175219371914864,0.181341037154198,12,0.897504925727844,0.314247667789459,86.8814468383789
"3507232003",1,-0.0413287915289402,0.163418143987656,9,1.1436413526535,0.526268124580383,76.7571487426758
"3507232004",1,0.214882165193558,0.118502825498581,9,1.51553428173065,0.105639852583408,83.6883544921875
"3507232005",0,0.231314763426781,0.0847187712788582,16,2.05399060249329,0.195121943950653,103.857803344727
"3507233001",1,0.271017372608185,0.149964898824692,16,1.97238659858704,0.110116384923458,109.116249084473
"3507233002",0,0.288661867380142,0.128431022167206,14,1.31282818317413,0.247068017721176,123.542999267578
"3507233003",1,0.457649052143097,0.12677700817585,16,1.66925001144409,0.351975381374359,111.563575744629
"3507233004",0,0.0499186180531979,0.155019536614418,12,1.03637683391571,0.0886943265795708,122.748390197754
"3507233005",1,0.434440195560455,0.161428809165955,12,0.895789802074432,0.294464081525803,109.096015930176
"3507234001",1,0.501462936401367,0.117236249148846,9,1.24223601818085,0.566125273704529,104.175598144531
"3507234002",0,NA,NA,12,2.2061140537262,0.424528300762177,76.2750015258789
"3507234003",1,0.0938620865345001,0.264578014612198,12,1.36649358272552,0.408963590860367,74.0948028564453
"3507234004",0,0.082503467798233,0.227232456207275,12,1.66251039505005,0.319173365831375,73.3681030273438
"3507234005",1,NA,NA,12,1.2131906747818,0.271293371915817,74.1177978515625
"3507234006",1,-0.147954970598221,0.0308968666940928,12,1.64088141918182,0.601092875003815,112.211570739746
"3507235001",0,0.318381994962692,0.189883083105087,12,1.02040815353394,0.203856751322746,111.247230529785
"3507235002",1,0.24518683552742,0.0927237570285797,12,0.888888895511627,0.245833337306976,113.890365600586
"3507235003",0,-0.125674769282341,0.223139151930809,12,1.02504026889801,0.663239061832428,110.16056060791
"3507235004",1,0.171627819538116,0.161858484148979,12,0.937207102775574,0.461538463830948,119.545219421387
"3507237001",1,-0.100847080349922,0.0375960990786552,9,0.4726642370224,0.256880730390549,62.5630569458008
"3507237002",1,0.229865074157715,0.0341415964066982,12,0.410509020090103,0.255847960710526,58.1744918823242
"3507237003",1,-0.0468151308596134,0.213337823748589,12,0.83991265296936,0.372650682926178,71.771842956543
"3507237004",0,-0.209985285997391,0.166709065437317,12,0.804262578487396,0.523756086826324,61.808521270752
"3508239001",1,-0.143578350543976,0.380187958478928,9,0.737463116645813,0.772540986537933,128.063705444336
"3508240001",1,0.365449279546738,0.256973952054977,12,1.68243956565857,0.550370395183563,105.86157989502
"3508240002",0,0.114694803953171,0.273285359144211,12,1.77619898319244,0.216568052768707,181.364181518555
"3508240003",0,0.38068962097168,0.169729590415955,16,2.41610741615295,0.301204830408096,116.80396270752
"3508240004",1,0.227971076965332,0.372287690639496,9,1.14547538757324,0.166494846343994,65.2513732910156
"3508241001",0,0.225592076778412,0.417071104049683,12,1.74581003189087,0.3515625,98.3280029296875
"3508241002",1,0.280121058225632,0.417527198791504,9,0.882924258708954,0.625066936016083,51.855785369873
"3508241003",1,NA,NA,12,0.990491271018982,0.215362533926964,49.2568778991699
"3508241004",1,-0.180745556950569,0.302382230758667,12,0.844475746154785,0.827586233615875,99.6240310668945
"3508241005",1,0.198328420519829,0.27414932847023,12,1.00150227546692,0.317258894443512,73.5058135986328
"3508243001",0,0.284747779369354,0.274814397096634,12,0.98895663022995,0.160163074731827,74.9095687866211
"3508243002",1,0.148328840732574,0.251123398542404,12,1.0158177614212,0.550043523311615,58.6252365112305
"3508243003",1,0.411985725164413,0.279558181762695,12,1.61290323734283,0.0923317670822144,57.1381759643555
"3508243004",0,0.355146259069443,0.267594546079636,9,0.869111776351929,0.199316635727882,72.1891021728516
"3508243005",1,0.400619387626648,0.338645458221436,9,1.36873805522919,0.139910310506821,82.8904724121094
"3508243006",1,-0.0202744193375111,0.125702902674675,12,1.10926234722137,0.5042445063591,84.9291076660156
"3508248001",1,-0.184681087732315,0.215548634529114,16,0.813890397548676,0.061979167163372,139.169052124023
"3508248002",1,-0.282304495573044,0,12,1.5879317522049,0.0407830327749252,190.245986938477
"3508249001",0,0.410108029842377,0.289321273565292,9,1.11111116409302,0.571428596973419,256.601989746094
"3508249002",1,0.000622339081019163,0.263106554746628,6,0.980872988700867,0.300601214170456,44.7239990234375
"3508249003",1,0.145387083292007,0.277048021554947,12,0.736783921718597,0.0813008099794388,173.443267822266
"3509250001",0,0.150939106941223,0.202709436416626,16,0.847936689853668,0.342315107584,156.464996337891
"3509250002",1,0.180000767111778,0.235328078269958,16,1.76344633102417,0.410996943712234,198.93000793457
"3509250003",1,0.352770358324051,0.306764721870422,12,2.77722668647766,0.813359498977661,156.759994506836
"3509251001",1,0.0199347641319036,0.38735756278038,9,1.36054420471191,0.413050800561905,118.459999084473
"3509251002",0,0.19314107298851,0.336600601673126,16,1.50981378555298,0.649015605449677,109.109001159668
"3509251003",1,0.266685158014297,0.356401205062866,12,2.06782460212708,0.690410971641541,890.24169921875
"3509251004",0,0.0635016262531281,0.348018676042557,16,0.912304699420929,0.538461565971375,60.7845001220703
"3509251005",1,0.210252806544304,0.349790781736374,9,2.42195916175842,0.6646808385849,123.889503479004
"3509252001",1,-0.334592372179031,0.226233571767807,9,1.45409226417542,0.774309694766998,109.748748779297
"3509252002",1,0.308797210454941,0.19030773639679,16,1.64744651317596,0.54082715511322,106.684997558594
"3509252003",0,0.373395442962646,0.337689846754074,6,2.54048895835876,0.584415555000305,94.8575057983398
"3509252004",0,0.289662092924118,0.263803899288177,12,2.49937510490417,0.944615364074707,41.5149993896484
"3509253001",1,0.196475848555565,0.388658285140991,12,1.78571426868439,0.934398651123047,118.438003540039
"3509253002",0,NA,NA,12,1.86766278743744,0.682464480400085,136.307998657227
"3509253003",1,-0.092316523194313,0.401900380849838,12,3.13404059410095,0.541065812110901,159.016510009766
"3509253004",1,0.115981534123421,0.323485672473907,9,3.09597516059875,0.710702359676361,185.727005004883
"3511254001",1,NA,NA,16,1.72197866439819,0.16256158053875,74.4955062866211
"3511254002",1,NA,NA,12,2.42228507995605,0.828850865364075,175.240005493164
"3511254003",1,NA,NA,12,1.65602076053619,0.949068307876587,39.2584991455078
"3511254004",0,NA,NA,6,1.64880466461182,0.777301907539368,57.435001373291
"3511255001",1,0.264410674571991,0.402603715658188,9,1.34183156490326,0.689906358718872,63.7550010681152
"3511255002",1,0.378837257623672,0.372154057025909,9,2.18102502822876,0.615508913993835,48.7350006103516
"3511255003",0,0.179477617144585,0.417635321617126,12,0.818107426166534,0.61261260509491,71.9150009155273
"3511255004",0,0.284584492444992,0.415351748466492,9,1.14547538757324,0.796238243579865,66.4049987792969
"3511255005",1,0.305066078901291,0.39108881354332,12,1.42721223831177,0.662905514240265,95.6650009155273
"3511256001",0,0.0139333298429847,0.230829626321793,12,2.34879612922668,0.231240421533585,57.4580001831055
"3511256002",1,NA,NA,12,1.01605367660522,0.589763760566711,66.1073989868164
"3511256003",1,NA,NA,9,2.06611561775208,0.400000005960464,64.7204971313477
"3511257001",1,0.268256843090057,0.435455530881882,12,0.942951440811157,0.489130437374115,55.7961006164551
"3511257002",0,0.225387439131737,0.460816293954849,9,1.1820330619812,0.829375565052032,48.209300994873
"3511257003",1,-0.262613773345947,0.282624393701553,9,1.35746610164642,0.693406581878662,123.00129699707
"3511257004",1,0.381054669618607,0.39556011557579,12,0.614722609519958,0.405790001153946,188.8037109375
"3517277001",1,0.538819670677185,0.221674874424934,16,1.23076927661896,0.370956152677536,41.8359985351562
"3517277002",0,0.0523041188716888,0.28672856092453,16,1.28998970985413,0.201970443129539,50.4020004272461
"3517277003",1,0.114246748387814,0.237664341926575,12,1.34078216552734,0.440251559019089,98.6484985351562
"3517277004",0,-0.0740142688155174,0.154559314250946,16,0.854153335094452,0.548504769802094,77.4781494140625
"3517277005",1,0.226959496736526,0.219315081834793,12,0.553097367286682,0.245787337422371,115.883506774902
"3517279001",0,-0.390521138906479,0.0911453813314438,12,2.10304951667786,0.232121929526329,43
"3517279002",1,0.639016211032867,0.157916963100433,16,2.60416674613953,0.173913046717644,93.5
"3517279003",1,0.117066577076912,0.236895829439163,9,1.86509168148041,0.331820487976074,96
"3517279004",0,-0.0715869590640068,0.162672057747841,9,1.04657244682312,0.293103456497192,67.5
"3517279005",1,NA,NA,12,1.14613175392151,0.364532023668289,73
"3517280001",1,-0.0606376342475414,0.127272516489029,12,1.31578946113586,0.532699167728424,57.1020011901855
"3517280002",1,-0.197833031415939,0.117352947592735,9,0.5,0.225234612822533,62.4111289978027
"3517280003",0,0.199838280677795,0.170129343867302,9,0.270489573478699,0.660576939582825,64.7287979125977
"3517280004",0,-0.01398766040802,0.0946693569421768,9,1.74520075321198,0.366279065608978,46.2564125061035
"3517281001",0,NA,NA,12,0.740740716457367,0.396694213151932,27.8059997558594
"3517281002",1,NA,NA,9,1.21212124824524,0.159771755337715,56.1619987487793
"3517281003",1,NA,NA,12,0.861697554588318,0.299500823020935,60.9360008239746
"3518282001",1,0.163443028926849,0.355724990367889,12,1.11080253124237,0.383771926164627,124.849327087402
"3518282002",1,0.31008306145668,0.291057974100113,12,0.774593353271484,0.822293281555176,66.4730987548828
"3518282003",1,0.279817670583725,0.214813098311424,16,0.750469028949738,0.617050051689148,106.446998596191
"3518282004",0,0.103207401931286,0.383517503738403,9,2.52047896385193,0.941018760204315,83.2650985717773
"3518282005",0,0.0849569663405418,0.284174352884293,9,1.25838923454285,0.53512704372406,119.026351928711
"3518284001",0,-0.106785878539085,0.153142794966698,16,1.55279505252838,0.196078434586525,273.477294921875
"3518284002",1,0.581336736679077,0.380068302154541,12,0.935453712940216,0.203999996185303,204.81315612793
"3518284003",1,0.555809617042542,0.631363570690155,12,1.51975679397583,0.301886796951294,223.854507446289
"3518284004",0,0.252119302749634,0.273036569356918,12,0.598981738090515,0.354729741811752,180.606552124023
"3518285002",1,0.293442755937576,0.26666733622551,12,1.69025993347168,0.637469589710236,174.879699707031
"3518285003",1,0.222758397459984,0.306732565164566,9,1.5769317150116,0.242194086313248,44.8734016418457
"3518285004",1,0.371321052312851,0.187813743948936,12,1.26935768127441,0.336862355470657,81.0220031738281
"3518286001",1,0.0942740738391876,0.198247164487839,12,1.77619898319244,0.316872417926788,73.7519989013672
"3518286002",0,0.332146942615509,0.312473297119141,12,0.502008020877838,0.503289461135864,66.3529968261719
"3518286003",0,NA,0.289208024740219,12,2.44349408149719,0.35031846165657,71.4800033569336
"3518286004",1,0.121265307068825,0.264365047216415,16,1.36239778995514,0.423076927661896,141.867004394531
"3518287001",1,0.493350118398666,0.0644416287541389,12,0.29859659075737,0.926972925662994,143.035003662109
"3520292001",1,0.263907343149185,0.399412482976913,6,1.37686860561371,0.018674137070775,96.2350006103516
"3520292002",1,0.205580040812492,0.323084712028503,9,2.13219618797302,0.300000011920929,94.8639984130859
"3520292003",0,NA,0.182852223515511,9,2.31696009635925,0.299642205238342,95.9160003662109
"3520293001",1,0.0369673222303391,0.239605039358139,12,1.1273957490921,0.232903867959976,67.6352005004883
"3520293002",1,0.0442267693579197,0.197790682315826,16,1.39178848266602,0.067238911986351,105.583503723145
"3520293003",1,0.105805687606335,0.209607914090157,12,1.10946750640869,0.432432442903519,43.585807800293
"3520293004",0,-0.115423001348972,0.212442696094513,14,1.27388536930084,0.237333327531815,57.3987312316895
"3520293005",0,0.308314085006714,0.104347825050354,16,0.896860957145691,0.162393167614937,34.2950286865234
"3520293006",1,0.00973195489495993,0.310127019882202,12,1.26742708683014,0.132558137178421,68.3110504150391
"3520294001",1,0.152788117527962,0.186431676149368,12,0.527287125587463,0.303357303142548,58.9917488098145
"3520294002",1,0.117593750357628,0.177375346422195,14,0.858184933662415,0.834151148796082,61.7504997253418
"3520294003",1,0.30993178486824,0.416725724935532,14,1.05189335346222,0.284768223762512,37.5867004394531
"3520294004",1,0.258475929498672,0.212524861097336,12,2.81690144538879,0.246601939201355,107.923004150391
"3520294005",0,0.484396815299988,0.335137963294983,16,2.19118046760559,0.394822001457214,44.9394989013672
"3520295001",1,0.0944719016551971,0.171831592917442,16,1.04766893386841,0.127615064382553,31.2950000762939
"3520295002",1,-0.0516962334513664,0.194226965308189,16,2.10703754425049,0.220183491706848,65.6184997558594
"3520295003",1,0.315035104751587,0.215236619114876,12,4.25079679489136,0.384816765785217,63.4910011291504
"3520295004",0,-0.162793844938278,0.18126368522644,14,1.4609203338623,0.214285716414452,55.4645004272461
"3520295005",0,-0.149612873792648,0.207722768187523,12,0.592768251895905,0.137634411454201,65.6604995727539
"3521296001",1,0.436442464590073,0.287245512008667,12,1.75131344795227,0.826106369495392,150.138595581055
"3521297001",1,0.323633551597595,0.291943281888962,14,1.04566049575806,0.699447512626648,31.9761238098145
"3521297002",1,0.139890134334564,0.240605220198631,12,1.88146758079529,0.799701035022736,90.7499465942383
"3521297003",1,0.524924337863922,0.278990983963013,9,0.413907289505005,0.777503728866577,261.154357910156
"3521297004",0,0.153203174471855,0.208365082740784,9,0.731261432170868,0.387900352478027,98.4099273681641
"3521298001",1,-0.190660402178764,0.164855569601059,12,1.43215179443359,0.650234758853912,63.6291007995605
"3521298002",1,0.118359498679638,0.154215842485428,12,0.46146747469902,0.349999994039536,26.2700004577637
"3521298003",1,-0.20104955136776,0.136257097125053,12,1.97863078117371,0.635474860668182,138.755599975586
"3521298004",0,-0.143407300114632,0.126781955361366,16,1.60624134540558,0.277614146471024,141.599792480469
"3521298005",0,0.235290244221687,0.109726577997208,16,1.13981759548187,0.329128444194794,104.982688903809
"3521300001",1,-0.197872698307037,0.121452577412128,12,2.14592266082764,0.595881581306458,98.7985000610352
"3521300002",1,-0.0995132252573967,0.136118024587631,12,0.958956658840179,0.505251526832581,106.956901550293
"3521300003",0,NA,NA,12,1.51000380516052,0.254777073860168,47.369701385498
"3521300004",1,NA,NA,NA,NA,NA,NA
"3521301001",0,0.297362238168716,0.298123270273209,12,2.55754470825195,0.644411087036133,48.5619087219238
"3521301002",1,NA,NA,12,0.899118840694427,0.0546558722853661,56.2741203308105
"3521301003",1,0.107695572078228,0.234092354774475,16,1.08683836460114,0.779325842857361,84.4881973266602
"3521301004",1,0.241079658269882,0.277237325906754,14,1.05764150619507,0.577662706375122,123.469596862793
"3521301005",0,0.248431697487831,0.211669087409973,9,2.38970589637756,0.34272301197052,50.2844886779785
"3521301006",1,0.201303541660309,0.251270562410355,16,0.939496457576752,0.353367120027542,140.237945556641
"3521302001",0,NA,NA,12,0.538938283920288,0.391055047512054,89.502326965332
"3521302002",1,NA,NA,12,1.29589629173279,0.736928105354309,54.1366996765137
"3521302003",0,0.151697844266891,0.182852506637573,16,0.123823672533035,0.939199209213257,137.720642089844
"3521302004",1,NA,NA,9,1.10514688491821,0.542648732662201,138.377029418945
